id,name,url
74971347,MathisGD,https://api.github.com/users/MathisGD
60825784,predictcrypto,https://api.github.com/users/predictcrypto
21972349,sozysozbot,https://api.github.com/users/sozysozbot
17869732,moiify,https://api.github.com/users/moiify
22376627,datho7561,https://api.github.com/users/datho7561
90624848,ofzlo,https://api.github.com/users/ofzlo
98659638,edwardzuniga,https://api.github.com/users/edwardzuniga
111369888,Mahalderk,https://api.github.com/users/Mahalderk
5146167,markbush,https://api.github.com/users/markbush
34882892,balena-ci,https://api.github.com/users/balena-ci
12437240,chengzhong001,https://api.github.com/users/chengzhong001
39814207,pull[bot],https://api.github.com/users/pull[bot]
75855221,fathozt,https://api.github.com/users/fathozt
111434456,DmytroKova,https://api.github.com/users/DmytroKova
5981249,brianway,https://api.github.com/users/brianway
28898909,dislbenn,https://api.github.com/users/dislbenn
1696078,sukhada,https://api.github.com/users/sukhada
66924041,yousabu,https://api.github.com/users/yousabu
91143053,BR-Junior,https://api.github.com/users/BR-Junior
102357035,kazukimikami,https://api.github.com/users/kazukimikami
46447321,allcontributors[bot],https://api.github.com/users/allcontributors[bot]
41898282,github-actions[bot],https://api.github.com/users/github-actions[bot]
37043957,Callithrix-omics,https://api.github.com/users/Callithrix-omics
32714304,0xcadams,https://api.github.com/users/0xcadams
90800936,ibrahimalangri,https://api.github.com/users/ibrahimalangri
102809970,InonAngel98,https://api.github.com/users/InonAngel98
23216921,adamsorbie,https://api.github.com/users/adamsorbie
21071133,justbecoder,https://api.github.com/users/justbecoder